Name,Passport_Id,EmailAddress,DOB,gender,Mobile,Login_Id
Mélodie,71-1647560,fpedley0@nbcnews.com,8/24/2021,Female,752-781-8800,cgrindlay0
Mylène,81-7489837,brosie1@163.com,04-02-2021,Female,649-688-3673,mwingar1
Renée,18-4330703,ldedney2@vinaora.com,5/29/2021,Female,896-762-0963,mgrigg2
Gaïa,09-7712073,aseid3@amazon.co.uk,11/14/2021,Male,664-146-2707,ebonass3
Bérangère,36-3654248,jwinram4@wired.com,6/28/2021,Female,596-250-6537,kscrace4
Eléa,81-1582341,nphonix5@nydailynews.com,02-11-2021,Male,651-278-4526,ptullis5
Nuó,34-0985124,emalitrott6@businessweek.com,5/25/2021,Male,980-625-7374,nepton6
Danièle,58-9896557,jdurtnall7@msn.com,10-10-2021,Male,456-424-0787,ajouning7
Lucrèce,01-9290944,sayer8@cnbc.com,1/15/2022,Female,243-479-0823,dcornu8
Adélie,94-3674811,boxx9@cocolog-nifty.com,12/20/2021,Genderqueer,152-911-3362,aledwich9
